MTC1,testabc.Testaddition
MTC2,testabc.Testignore
MTC3,testabc.Testaddition
MTC4,testabc.Testignore
MTC5,testabc.Testaddition
MTC6,testabc.Testignore
MTC7,testabc.Testaddition
MTC8,testabc.Testignore
MTC9,testabc.Testaddition
MTC10,testabc.Testignore
MTC11,testabc.Testaddition
MTC12,testabc.Testignore
MTC13,testabc.Testaddition
MTC14,testabc.Testignore
MTC15,testabc.Testaddition
MTC16,testabc.Testignore
MTC17,testabc.Testaddition
MTC18,testabc.Testignore
MTC19,testabc.Testaddition
MTC20,testabc.Testignore
MTC21,testabc.Testaddition
MTC22,testabc.Testignore
